window_id,horizon_min,timestamp,y_true_csi,y_pred_csi,y_true_ghi,y_pred_ghi
0,10,2023-01-26 11:20:00,0.28378993,0.43376303,105.89763,161.86084
0,20,2023-01-26 11:30:00,0.33601347,0.42398307,126.42966,159.52942
0,30,2023-01-26 11:40:00,0.51845175,0.4215789,195.92004,159.31235
0,40,2023-01-26 11:50:00,0.63194346,0.39546162,238.90178,149.50148
0,50,2023-01-26 12:00:00,0.49616584,0.38715982,186.91002,145.8465
0,60,2023-01-26 12:10:00,0.4943873,0.42472365,184.84923,158.8023
1,10,2023-01-26 11:30:00,0.33601347,0.6395969,126.42966,240.65707
1,20,2023-01-26 11:40:00,0.51845175,0.62659496,195.92004,236.78677
1,30,2023-01-26 11:50:00,0.63194346,0.6096076,238.90178,230.45786
1,40,2023-01-26 12:00:00,0.49616584,0.56110597,186.91002,211.37354
1,50,2023-01-26 12:10:00,0.4943873,0.5255746,184.84923,196.51004
1,60,2023-01-26 12:20:00,0.53155476,0.5513893,196.46855,203.7996
2,10,2023-01-26 11:40:00,0.51845175,0.6248922,195.92004,236.1433
2,20,2023-01-26 11:50:00,0.63194346,0.6173582,238.90178,233.38792
2,30,2023-01-26 12:00:00,0.49616584,0.61226976,186.91002,230.64738
2,40,2023-01-26 12:10:00,0.4943873,0.566821,184.84923,211.93187
2,50,2023-01-26 12:20:00,0.53155476,0.536418,196.46855,198.26607
2,60,2023-01-26 12:30:00,0.5100708,0.5587659,185.59805,203.3166
3,10,2023-01-26 11:50:00,0.63194346,0.6487331,238.90178,245.24898
3,20,2023-01-26 12:00:00,0.49616584,0.6546666,186.91002,246.61865
3,30,2023-01-26 12:10:00,0.4943873,0.6688339,184.84923,250.07405
3,40,2023-01-26 12:20:00,0.53155476,0.63117814,196.46855,233.29045
3,50,2023-01-26 12:30:00,0.5100708,0.60672486,185.59805,220.7673
3,60,2023-01-26 12:40:00,0.5227281,0.62351924,186.44673,222.39693
4,10,2023-01-26 12:00:00,0.49616584,0.6128047,186.91002,230.8489
4,20,2023-01-26 12:10:00,0.4943873,0.6105866,184.84923,228.29564
4,30,2023-01-26 12:20:00,0.53155476,0.61490583,196.46855,227.27603
4,40,2023-01-26 12:30:00,0.5100708,0.57373065,185.59805,208.7618
4,50,2023-01-26 12:40:00,0.5227281,0.5496169,186.44673,196.03743
4,60,2023-01-26 12:50:00,0.5352593,0.5679431,186.30786,197.68411
5,10,2023-01-26 12:10:00,0.4943873,0.5966534,184.84923,223.08607
5,20,2023-01-26 12:20:00,0.53155476,0.5904852,196.46855,218.2499
5,30,2023-01-26 12:30:00,0.5100708,0.58959913,185.59805,214.53581
5,40,2023-01-26 12:40:00,0.5227281,0.5453925,186.44673,194.53069
5,50,2023-01-26 12:50:00,0.5352593,0.51993996,186.30786,180.97565
5,60,2023-01-26 13:00:00,0.4929961,0.5391644,166.66365,182.27144
6,10,2023-01-26 12:20:00,0.53155476,0.56771874,196.46855,209.83516
6,20,2023-01-26 12:30:00,0.5100708,0.54581106,185.59805,198.60277
6,30,2023-01-26 12:40:00,0.5227281,0.52378047,186.44673,186.8221
6,40,2023-01-26 12:50:00,0.5352593,0.46965,186.30786,163.4712
6,50,2023-01-26 13:00:00,0.4929961,0.43690425,166.66365,147.70108
6,60,2023-01-26 13:10:00,0.47691834,0.45820156,155.80339,149.68884
7,10,2023-01-26 12:30:00,0.5100708,0.5316127,185.59805,193.43645
7,20,2023-01-26 12:40:00,0.5227281,0.4912067,186.44673,175.20367
7,30,2023-01-26 12:50:00,0.5352593,0.4499658,186.30786,156.61972
7,40,2023-01-26 13:00:00,0.4929961,0.3970159,166.66365,134.21631
7,50,2023-01-26 13:10:00,0.47691834,0.36028624,155.80339,117.70111
7,60,2023-01-26 13:20:00,0.40587887,0.38608992,127.438065,121.22472
8,10,2023-01-26 12:40:00,0.5227281,0.4900512,186.44673,174.79153
8,20,2023-01-26 12:50:00,0.5352593,0.4433185,186.30786,154.30598
8,30,2023-01-26 13:00:00,0.4929961,0.39877704,166.66365,134.81169
8,40,2023-01-26 13:10:00,0.47691834,0.35158575,155.80339,114.858765
8,50,2023-01-26 13:20:00,0.40587887,0.31861094,127.438065,100.03763
8,60,2023-01-26 13:30:00,0.39519724,0.34723482,118.55213,104.16425
9,10,2023-01-26 12:50:00,0.5352593,0.46363372,186.30786,161.37712
9,20,2023-01-26 13:00:00,0.4929961,0.413678,166.66365,139.84914
9,30,2023-01-26 13:10:00,0.47691834,0.36965197,155.80339,120.76078
9,40,2023-01-26 13:20:00,0.40587887,0.32734457,127.438065,102.77982
9,50,2023-01-26 13:30:00,0.39519724,0.29807162,118.55213,89.416176
9,60,2023-01-26 13:40:00,0.357892,0.32837826,101.90632,93.50256
10,10,2023-01-26 13:00:00,0.4929961,0.43819082,166.66365,148.13602
10,20,2023-01-26 13:10:00,0.47691834,0.38762984,155.80339,126.63393
10,30,2023-01-26 13:20:00,0.40587887,0.34402546,127.438065,108.017296
10,40,2023-01-26 13:30:00,0.39519724,0.30761328,118.55213,92.2785
10,50,2023-01-26 13:40:00,0.357892,0.28137764,101.90632,80.11959
10,60,2023-01-26 13:50:00,0.30703172,0.31118068,82.37983,83.49304
11,10,2023-01-26 13:10:00,0.47691834,0.31267852,155.80339,102.14825
11,20,2023-01-26 13:20:00,0.40587887,0.2699045,127.438065,84.74476
11,30,2023-01-26 13:30:00,0.39519724,0.24178165,118.55213,72.53019
11,40,2023-01-26 13:40:00,0.357892,0.23327784,101.90632,66.42363
11,50,2023-01-26 13:50:00,0.30703172,0.2186426,82.37983,58.664104
11,60,2023-01-26 14:00:00,0.312562,0.24550004,78.37695,61.560734
12,10,2023-01-26 13:20:00,0.40587887,0.30101466,127.438065,94.51274
12,20,2023-01-26 13:30:00,0.39519724,0.2598886,118.55213,77.961945
12,30,2023-01-26 13:40:00,0.357892,0.23665917,101.90632,67.38643
12,40,2023-01-26 13:50:00,0.30703172,0.22912546,82.37983,61.47676
12,50,2023-01-26 14:00:00,0.312562,0.22110707,78.37695,55.44404
12,60,2023-01-26 14:10:00,0.34114024,0.2483206,79.19687,57.648468
13,10,2023-01-26 13:30:00,0.39519724,0.30097926,118.55213,90.288414
13,20,2023-01-26 13:40:00,0.357892,0.26285556,101.90632,74.845604
13,30,2023-01-26 13:50:00,0.30703172,0.24075142,82.37983,64.59613
13,40,2023-01-26 14:00:00,0.312562,0.23204853,78.37695,58.18768
13,50,2023-01-26 14:10:00,0.34114024,0.22888522,79.19687,53.136482
13,60,2023-01-26 14:20:00,0.3309222,0.25813147,70.35061,54.876064
14,10,2023-01-26 13:40:00,0.357892,0.29870576,101.90632,85.053604
14,20,2023-01-26 13:50:00,0.30703172,0.265356,82.37983,71.1978
14,30,2023-01-26 14:00:00,0.312562,0.24553847,78.37695,61.570374
14,40,2023-01-26 14:10:00,0.34114024,0.23650052,79.19687,54.9044
14,50,2023-01-26 14:20:00,0.3309222,0.23813124,70.35061,50.62422
14,60,2023-01-26 14:30:00,0.28510377,0.27054018,54.788643,51.989944
15,10,2023-01-26 13:50:00,0.30703172,0.28429633,82.37983,76.279686
15,20,2023-01-26 14:00:00,0.312562,0.25314155,78.37695,63.476894
15,30,2023-01-26 14:10:00,0.34114024,0.23675218,79.19687,54.962822
15,40,2023-01-26 14:20:00,0.3309222,0.22927718,70.35061,48.74194
15,50,2023-01-26 14:30:00,0.28510377,0.23300551,54.788643,44.776875
15,60,2023-01-26 14:40:00,0.3137439,0.26588607,53.658382,45.473446
16,10,2023-01-26 14:00:00,0.312562,0.26861554,78.37695,67.3571
16,20,2023-01-26 14:10:00,0.34114024,0.23948972,79.19687,55.59835
16,30,2023-01-26 14:20:00,0.3309222,0.22546884,70.35061,47.932327
16,40,2023-01-26 14:30:00,0.28510377,0.21939509,54.788643,42.161346
16,50,2023-01-26 14:40:00,0.3137439,0.22473194,53.658382,38.435017
16,60,2023-01-26 14:50:00,0.28765556,0.25612164,42.95138,38.242886
17,10,2023-01-26 14:10:00,0.34114024,0.25186098,79.19687,58.470383
17,20,2023-01-26 14:20:00,0.3309222,0.22486009,70.35061,47.802914
17,30,2023-01-26 14:30:00,0.28510377,0.21212524,54.788643,40.764294
17,40,2023-01-26 14:40:00,0.3137439,0.2098338,53.658382,35.887047
17,50,2023-01-26 14:50:00,0.28765556,0.2169016,42.95138,32.386734
17,60,2023-01-26 15:00:00,0.30604765,0.24708243,38.942352,31.439453
18,10,2023-01-26 14:20:00,0.3309222,0.23239164,70.35061,49.40404
18,20,2023-01-26 14:30:00,0.28510377,0.20929752,54.788643,40.22089
18,30,2023-01-26 14:40:00,0.3137439,0.19736987,53.658382,33.755394
18,40,2023-01-26 14:50:00,0.28765556,0.19872667,42.95138,29.672937
18,50,2023-01-26 15:00:00,0.30604765,0.20946567,38.942352,26.652992
18,60,2023-01-26 15:10:00,0.37724754,0.2386763,39.63955,25.079079
19,10,2023-01-26 14:30:00,0.28510377,0.21528067,54.788643,41.370674
19,20,2023-01-26 14:40:00,0.3137439,0.19566275,53.658382,33.46343
19,30,2023-01-26 14:50:00,0.28765556,0.18501914,42.95138,27.626192
19,40,2023-01-26 15:00:00,0.30604765,0.18977477,38.942352,24.147469
19,50,2023-01-26 15:10:00,0.37724754,0.20399627,39.63955,21.435051
19,60,2023-01-26 15:20:00,0.45003605,0.232991,37.43142,19.378857
20,10,2023-01-26 14:40:00,0.3137439,0.20576477,53.658382,35.19114
20,20,2023-01-26 14:50:00,0.28765556,0.18856893,42.95138,28.15623
20,30,2023-01-26 15:00:00,0.30604765,0.17919499,38.942352,22.801268
20,40,2023-01-26 15:10:00,0.37724754,0.1856326,39.63955,19.505476
20,50,2023-01-26 15:20:00,0.45003605,0.20151435,37.43142,16.760809
20,60,2023-01-26 15:30:00,0.43225297,0.2300752,26.815704,14.27319
21,10,2023-01-26 14:50:00,0.28765556,0.22421107,42.95138,33.47815
21,20,2023-01-26 15:00:00,0.30604765,0.20396914,38.942352,25.953598
21,30,2023-01-26 15:10:00,0.37724754,0.1913926,39.63955,20.110712
21,40,2023-01-26 15:20:00,0.45003605,0.1993571,37.43142,16.581383
21,50,2023-01-26 15:30:00,0.43225297,0.21709351,26.815704,13.467844
21,60,2023-01-26 15:40:00,0.47175565,0.24909095,19.987255,10.553439
22,10,2023-01-26 15:00:00,0.30604765,0.27114528,38.942352,34.501278
22,20,2023-01-26 15:10:00,0.37724754,0.24926455,39.63955,26.191647
22,30,2023-01-26 15:20:00,0.45003605,0.22831759,37.43142,18.990149
22,40,2023-01-26 15:30:00,0.43225297,0.23744729,26.815704,14.730533
22,50,2023-01-26 15:40:00,0.47175565,0.25704673,19.987255,10.890508
22,60,2023-01-26 15:50:00,0.5618817,0.2980407,14.135724,7.498057
23,10,2023-01-27 10:40:00,0.2500088,0.2761755,87.386345,96.53247
23,20,2023-01-27 10:50:00,0.2737879,0.32681334,98.14443,117.15241
23,30,2023-01-27 11:00:00,0.24928579,0.35322362,91.23477,129.27443
23,40,2023-01-27 11:10:00,0.21348146,0.44839218,79.427704,166.82835
23,50,2023-01-27 11:20:00,0.1691372,0.5364308,63.70974,202.06003
23,60,2023-01-27 11:30:00,0.16250072,0.60260993,61.720963,228.88307
24,10,2023-01-27 10:50:00,0.2737879,0.27037704,98.14443,96.92175
24,20,2023-01-27 11:00:00,0.24928579,0.2820389,91.23477,103.22191
24,30,2023-01-27 11:10:00,0.21348146,0.27664366,79.427704,102.92777
24,40,2023-01-27 11:20:00,0.1691372,0.3286872,63.70974,123.80822
24,50,2023-01-27 11:30:00,0.16250072,0.39042628,61.720963,148.29155
24,60,2023-01-27 11:40:00,0.15658033,0.4611797,59.73297,175.93292
25,10,2023-01-27 11:00:00,0.24928579,0.205727,91.23477,75.29292
25,20,2023-01-27 11:10:00,0.21348146,0.19035372,79.427704,70.82282
25,30,2023-01-27 11:20:00,0.1691372,0.17123541,63.70974,64.500084
25,40,2023-01-27 11:30:00,0.16250072,0.2035058,61.720963,77.295494
25,50,2023-01-27 11:40:00,0.15658033,0.22753316,59.73297,86.80038
25,60,2023-01-27 11:50:00,0.13591284,0.27149537,51.87318,103.6203
26,10,2023-01-27 11:10:00,0.21348146,0.17439394,79.427704,64.884834
26,20,2023-01-27 11:20:00,0.1691372,0.16161545,63.70974,60.876488
26,30,2023-01-27 11:30:00,0.16250072,0.16402988,61.720963,62.301765
26,40,2023-01-27 11:40:00,0.15658033,0.17800318,59.73297,67.90546
26,50,2023-01-27 11:50:00,0.13591284,0.19994941,51.87318,76.313705
26,60,2023-01-27 12:00:00,0.12601979,0.22305281,47.932995,84.84055
27,10,2023-01-27 11:20:00,0.1691372,0.19120622,63.70974,72.02259
27,20,2023-01-27 11:30:00,0.16250072,0.17286552,61.720963,65.657715
27,30,2023-01-27 11:40:00,0.15658033,0.17056072,59.73297,65.06628
27,40,2023-01-27 11:50:00,0.13591284,0.1850522,51.87318,70.62796
27,50,2023-01-27 12:00:00,0.12601979,0.20599508,47.932995,78.35246
27,60,2023-01-27 12:10:00,0.1242894,0.22635058,46.92862,85.4644
28,10,2023-01-27 11:30:00,0.16250072,0.23730095,61.720963,90.13155
28,20,2023-01-27 11:40:00,0.15658033,0.20701763,59.73297,78.97402
28,30,2023-01-27 11:50:00,0.13591284,0.1888018,51.87318,72.05905
28,40,2023-01-27 12:00:00,0.12601979,0.20492731,47.932995,77.94633
28,50,2023-01-27 12:10:00,0.1242894,0.22151211,46.92862,83.63752
28,60,2023-01-27 12:20:00,0.14657159,0.2464958,54.71757,92.02091
29,10,2023-01-27 11:40:00,0.15658033,0.2104854,59.73297,80.29692
29,20,2023-01-27 11:50:00,0.13591284,0.18626007,51.87318,71.08897
29,30,2023-01-27 12:00:00,0.12601979,0.17784464,47.932995,67.64514
29,40,2023-01-27 12:10:00,0.1242894,0.18952762,46.92862,71.56096
29,50,2023-01-27 12:20:00,0.14657159,0.2077589,54.71757,77.55979
29,60,2023-01-27 12:30:00,0.14875804,0.22953297,54.68278,84.375275
30,10,2023-01-27 11:50:00,0.13591284,0.19028044,51.87318,72.6234
30,20,2023-01-27 12:00:00,0.12601979,0.17113675,47.932995,65.09372
30,30,2023-01-27 12:10:00,0.1242894,0.16839054,46.92862,63.580124
30,40,2023-01-27 12:20:00,0.14657159,0.17827226,54.71757,66.55195
30,50,2023-01-27 12:30:00,0.14875804,0.19484232,54.68278,71.62315
30,60,2023-01-27 12:40:00,0.15973398,0.2156272,57.572723,77.71825
31,10,2023-01-27 12:00:00,0.12601979,0.1897531,47.932995,72.17465
31,20,2023-01-27 12:10:00,0.1242894,0.17127612,46.92862,64.66965
31,30,2023-01-27 12:20:00,0.14657159,0.16897812,54.71757,63.082294
31,40,2023-01-27 12:30:00,0.14875804,0.1755475,54.68278,64.530464
31,50,2023-01-27 12:40:00,0.15973398,0.19158469,57.572723,69.052635
31,60,2023-01-27 12:50:00,0.19399863,0.21234263,68.25583,74.70992
32,10,2023-01-27 12:10:00,0.1242894,0.19573762,46.92862,73.9057
32,20,2023-01-27 12:20:00,0.14657159,0.1761025,54.71757,65.74194
32,30,2023-01-27 12:30:00,0.14875804,0.17261082,54.68278,63.450954
32,40,2023-01-27 12:40:00,0.15973398,0.17562573,57.572723,63.300564
32,50,2023-01-27 12:50:00,0.19399863,0.19207935,68.25583,67.58055
32,60,2023-01-27 13:00:00,0.21375798,0.21428841,73.071884,73.25321
33,10,2023-01-27 12:20:00,0.14657159,0.22311698,54.71757,83.29321
33,20,2023-01-27 12:30:00,0.14875804,0.19597602,54.68278,72.039894
33,30,2023-01-27 12:40:00,0.15973398,0.18229817,57.572723,65.705505
33,40,2023-01-27 12:50:00,0.19399863,0.18961869,68.25583,66.714806
33,50,2023-01-27 13:00:00,0.21375798,0.20336422,73.071884,69.518845
33,60,2023-01-27 13:10:00,0.19440138,0.22997276,64.24592,76.00158
34,10,2023-01-27 12:30:00,0.14875804,0.24246441,54.68278,89.128815
34,20,2023-01-27 12:40:00,0.15973398,0.20918156,57.572723,75.39505
34,30,2023-01-27 12:50:00,0.19399863,0.18858895,68.25583,66.3525
34,40,2023-01-27 13:00:00,0.21375798,0.20000549,73.071884,68.37068
34,50,2023-01-27 13:10:00,0.19440138,0.2104898,64.24592,69.56283
34,60,2023-01-27 13:20:00,0.18360944,0.23959081,58.34776,76.13763
35,10,2023-01-27 12:40:00,0.15973398,0.27578568,57.572723,99.40109
35,20,2023-01-27 12:50:00,0.19399863,0.23351182,68.25583,82.15801
35,30,2023-01-27 13:00:00,0.21375798,0.20595586,73.071884,70.40478
35,40,2023-01-27 13:10:00,0.19440138,0.2172045,64.24592,71.78191
35,50,2023-01-27 13:20:00,0.18360944,0.22671208,58.34776,72.045
35,60,2023-01-27 13:30:00,0.16627519,0.2552911,50.512463,77.55446
36,10,2023-01-27 12:50:00,0.19399863,0.27586758,68.25583,97.060326
36,20,2023-01-27 13:00:00,0.21375798,0.23310462,73.071884,79.68542
36,30,2023-01-27 13:10:00,0.19440138,0.20559065,64.24592,67.943756
36,40,2023-01-27 13:20:00,0.18360944,0.21675967,58.34776,68.8823
36,50,2023-01-27 13:30:00,0.16627519,0.22589888,50.512463,68.62544
36,60,2023-01-27 13:40:00,0.19837801,0.25194275,57.24142,72.69738
37,10,2023-01-27 13:00:00,0.21375798,0.34773463,73.071884,118.871
37,20,2023-01-27 13:10:00,0.19440138,0.29493198,64.24592,97.469345
37,30,2023-01-27 13:20:00,0.18360944,0.25426123,58.34776,80.79962
37,40,2023-01-27 13:30:00,0.16627519,0.2555256,50.512463,77.625694
37,50,2023-01-27 13:40:00,0.19837801,0.2541985,57.24142,73.34827
37,60,2023-01-27 13:50:00,0.14953731,0.2801846,40.69109,76.24195
38,10,2023-01-27 13:10:00,0.19440138,0.3518703,64.24592,116.28637
38,20,2023-01-27 13:20:00,0.18360944,0.29975685,58.34776,95.25731
38,30,2023-01-27 13:30:00,0.16627519,0.25698033,50.512463,78.06763
38,40,2023-01-27 13:40:00,0.19837801,0.25656745,57.24142,74.03182
38,50,2023-01-27 13:50:00,0.14953731,0.25526944,40.69109,69.462204
38,60,2023-01-27 14:00:00,0.21279863,0.2815247,54.167877,71.662094
39,10,2023-01-27 13:20:00,0.18360944,0.36843276,58.34776,117.08127
39,20,2023-01-27 13:30:00,0.16627519,0.31368557,50.512463,95.294014
39,30,2023-01-27 13:40:00,0.19837801,0.26423317,57.24142,76.243744
39,40,2023-01-27 13:50:00,0.14953731,0.26822108,40.69109,72.98652
39,50,2023-01-27 14:00:00,0.21279863,0.26440904,54.167877,67.305305
39,60,2023-01-27 14:10:00,0.19642848,0.29027635,46.34359,68.48522
40,10,2023-01-27 13:30:00,0.16627519,0.34967673,50.512463,106.22771
40,20,2023-01-27 13:40:00,0.19837801,0.29871723,57.24142,86.19402
40,30,2023-01-27 13:50:00,0.14953731,0.25160047,40.69109,68.46383
40,40,2023-01-27 14:00:00,0.21279863,0.2535115,54.167877,64.531334
40,50,2023-01-27 14:10:00,0.19642848,0.25547093,46.34359,60.27354
40,60,2023-01-27 14:20:00,0.21374796,0.27998054,46.24306,60.572075
41,10,2023-01-27 13:40:00,0.19837801,0.36060655,57.24142,104.05202
41,20,2023-01-27 13:50:00,0.14953731,0.30884784,40.69109,84.0416
41,30,2023-01-27 14:00:00,0.21279863,0.25920433,54.167877,65.980446
41,40,2023-01-27 14:10:00,0.19642848,0.25838956,46.34359,60.962135
41,50,2023-01-27 14:20:00,0.21374796,0.25976557,46.24306,56.19869
41,60,2023-01-27 14:30:00,0.19130805,0.2846844,37.475735,55.76742
42,10,2023-01-27 13:50:00,0.14953731,0.38585478,40.69109,104.99621
42,20,2023-01-27 14:00:00,0.21279863,0.3305383,54.167877,84.138504
42,30,2023-01-27 14:10:00,0.19642848,0.27665395,46.34359,65.27127
42,40,2023-01-27 14:20:00,0.21374796,0.27241537,46.24306,58.935394
42,50,2023-01-27 14:30:00,0.19130805,0.269573,37.475735,52.80722
42,60,2023-01-27 14:40:00,0.14804733,0.29554302,25.864143,51.631912
43,10,2023-01-27 14:00:00,0.21279863,0.4208722,54.167877,107.132996
43,20,2023-01-27 14:10:00,0.19642848,0.3619369,46.34359,85.39217
43,30,2023-01-27 14:20:00,0.21374796,0.30356112,46.24306,65.67359
43,40,2023-01-27 14:30:00,0.19130805,0.29086852,37.475735,56.978844
43,50,2023-01-27 14:40:00,0.14804733,0.2855055,25.864143,49.87834
43,60,2023-01-27 14:50:00,0.14351915,0.31273022,21.948292,47.825634
44,10,2023-01-27 14:10:00,0.19642848,0.44250423,46.34359,104.40051
44,20,2023-01-27 14:20:00,0.21374796,0.3826389,46.24306,82.78158
44,30,2023-01-27 14:30:00,0.19130805,0.32052973,37.475735,62.789238
44,40,2023-01-27 14:40:00,0.14804733,0.30406255,25.864143,53.120293
44,50,2023-01-27 14:50:00,0.14351915,0.29860806,21.948292,45.665943
44,60,2023-01-27 15:00:00,0.1742921,0.32807264,22.792673,42.902992
45,10,2023-01-27 14:20:00,0.21374796,0.46193248,46.24306,99.936264
45,20,2023-01-27 14:30:00,0.19130805,0.404894,37.475735,79.31553
45,30,2023-01-27 14:40:00,0.14804733,0.34595472,25.864143,60.43893
45,40,2023-01-27 14:50:00,0.14351915,0.32482457,21.948292,49.675217
45,50,2023-01-27 15:00:00,0.1742921,0.32330066,22.792673,42.278946
45,60,2023-01-27 15:10:00,0.22618675,0.354197,24.539158,38.42708
46,10,2023-01-28 11:00:00,0.5413651,0.23229586,200.04774,85.83905
46,20,2023-01-28 11:10:00,0.36532274,0.22031844,137.22871,82.75974
46,30,2023-01-28 11:20:00,0.25763935,0.20955017,97.97739,79.689606
46,40,2023-01-28 11:30:00,0.27326462,0.23738335,104.78816,91.028854
46,50,2023-01-28 11:40:00,0.2998876,0.26571646,115.506134,102.34462
46,60,2023-01-28 11:50:00,0.380816,0.31758636,146.75714,122.38998
47,10,2023-01-28 11:10:00,0.36532274,0.17430305,137.22871,65.47466
47,20,2023-01-28 11:20:00,0.25763935,0.16448961,97.97739,62.553574
47,30,2023-01-28 11:30:00,0.27326462,0.16731435,104.78816,64.15965
47,40,2023-01-28 11:40:00,0.2998876,0.1837832,115.506134,70.78681
47,50,2023-01-28 11:50:00,0.380816,0.19920254,146.75714,76.76776
47,60,2023-01-28 12:00:00,0.33860198,0.2332101,130.05673,89.575806
48,10,2023-01-28 11:20:00,0.25763935,0.16117583,97.97739,61.29338
48,20,2023-01-28 11:30:00,0.27326462,0.16483599,104.78816,63.209286
48,30,2023-01-28 11:40:00,0.2998876,0.17107838,115.506134,65.893364
48,40,2023-01-28 11:50:00,0.380816,0.18846415,146.75714,72.629456
48,50,2023-01-28 12:00:00,0.33860198,0.19636908,130.05673,75.4252
48,60,2023-01-28 12:10:00,0.25116268,0.21608678,95.77822,82.4024
49,10,2023-01-28 11:30:00,0.27326462,0.1613357,104.78816,61.86704
49,20,2023-01-28 11:40:00,0.2998876,0.16701975,115.506134,64.330124
49,30,2023-01-28 11:50:00,0.380816,0.17334172,146.75714,66.80164
49,40,2023-01-28 12:00:00,0.33860198,0.19070466,130.05673,73.2495
49,50,2023-01-28 12:10:00,0.25116268,0.19700159,95.77822,75.124466
49,60,2023-01-28 12:20:00,0.25383377,0.21523695,95.721664,81.16666
50,10,2023-01-28 11:40:00,0.2998876,0.15224393,115.506134,58.638996
50,20,2023-01-28 11:50:00,0.380816,0.15984686,146.75714,61.60105
50,30,2023-01-28 12:00:00,0.33860198,0.16888458,130.05673,64.86842
50,40,2023-01-28 12:10:00,0.25116268,0.18473107,95.77822,70.44523
50,50,2023-01-28 12:20:00,0.25383377,0.19216794,95.721664,72.46725
50,60,2023-01-28 12:30:00,0.2733354,0.20840937,101.517815,77.40404
51,10,2023-01-28 11:50:00,0.380816,0.14060134,146.75714,54.1843
51,20,2023-01-28 12:00:00,0.33860198,0.15310217,130.05673,58.806416
51,30,2023-01-28 12:10:00,0.25116268,0.16312456,95.77822,62.20582
51,40,2023-01-28 12:20:00,0.25383377,0.17964274,95.721664,67.74394
51,50,2023-01-28 12:30:00,0.2733354,0.18712114,101.517815,69.49751
51,60,2023-01-28 12:40:00,0.3026106,0.2026074,110.22759,73.800865
52,10,2023-01-28 12:00:00,0.33860198,0.1404711,130.05673,53.95483
52,20,2023-01-28 12:10:00,0.25116268,0.151397,95.77822,57.733643
52,30,2023-01-28 12:20:00,0.25383377,0.16112635,95.721664,60.761345
52,40,2023-01-28 12:30:00,0.2733354,0.17698443,101.517815,65.7327
52,50,2023-01-28 12:40:00,0.3026106,0.1852869,110.22759,67.49178
52,60,2023-01-28 12:50:00,0.29871535,0.20004782,106.24682,71.15284
53,10,2023-01-28 12:10:00,0.25116268,0.13628517,95.77822,51.9709
53,20,2023-01-28 12:20:00,0.25383377,0.14614306,95.721664,55.111095
53,30,2023-01-28 12:30:00,0.2733354,0.15739134,101.517815,58.45575
53,40,2023-01-28 12:40:00,0.3026106,0.16930829,110.22759,61.671486
53,50,2023-01-28 12:50:00,0.29871535,0.1798293,106.24682,63.96153
53,60,2023-01-28 13:00:00,0.30145502,0.19240603,104.212814,66.51464
54,10,2023-01-28 12:20:00,0.25383377,0.16841981,95.721664,63.511738
54,20,2023-01-28 12:30:00,0.2733354,0.16256188,101.517815,60.376106
54,30,2023-01-28 12:40:00,0.3026106,0.16774434,110.22759,61.101807
54,40,2023-01-28 12:50:00,0.29871535,0.16484031,106.24682,58.63026
54,50,2023-01-28 13:00:00,0.30145502,0.18291913,104.212814,63.235027
54,60,2023-01-28 13:10:00,0.31141403,0.19456041,104.12001,65.050476
55,10,2023-01-28 12:30:00,0.2733354,0.2259111,101.517815,83.90425
55,20,2023-01-28 12:40:00,0.3026106,0.20468742,110.22759,74.558525
55,30,2023-01-28 12:50:00,0.29871535,0.19125095,106.24682,68.02397
55,40,2023-01-28 13:00:00,0.30145502,0.18969159,104.212814,65.57626
55,50,2023-01-28 13:10:00,0.31141403,0.20062105,104.12001,67.07683
55,60,2023-01-28 13:20:00,0.28409386,0.21887088,91.37979,70.40059
56,10,2023-01-28 12:40:00,0.3026106,0.23125283,110.22759,84.23513
56,20,2023-01-28 12:50:00,0.29871535,0.20934388,106.24682,74.45925
56,30,2023-01-28 13:00:00,0.30145502,0.19582127,104.212814,67.69529
56,40,2023-01-28 13:10:00,0.31141403,0.19109407,104.12001,63.89152
56,50,2023-01-28 13:20:00,0.28409386,0.19798185,91.37979,63.68156
56,60,2023-01-28 13:30:00,0.29984304,0.21737082,92.250534,66.87691
57,10,2023-01-28 12:50:00,0.29871535,0.21526651,106.24682,76.5658
57,20,2023-01-28 13:00:00,0.30145502,0.1971909,104.212814,68.16877
57,30,2023-01-28 13:10:00,0.31141403,0.18902215,104.12001,63.198784
57,40,2023-01-28 13:20:00,0.28409386,0.18170176,91.37979,58.445015
57,50,2023-01-28 13:30:00,0.29984304,0.18958622,92.250534,58.328617
57,60,2023-01-28 13:40:00,0.30513337,0.20693164,89.22723,60.511032
58,10,2023-01-28 13:00:00,0.30145502,0.19459848,104.212814,67.272575
58,20,2023-01-28 13:10:00,0.31141403,0.18105036,104.12001,60.533447
58,30,2023-01-28 13:20:00,0.28409386,0.18275802,91.37979,58.784763
58,40,2023-01-28 13:30:00,0.29984304,0.17049685,92.250534,52.45553
58,50,2023-01-28 13:40:00,0.30513337,0.18251035,89.22723,53.36975
58,60,2023-01-28 13:50:00,0.31233037,0.19363587,86.19716,53.439766
59,10,2023-01-28 13:10:00,0.31141403,0.18122563,104.12001,60.59205
59,20,2023-01-28 13:20:00,0.28409386,0.17334871,91.37979,55.758224
59,30,2023-01-28 13:30:00,0.29984304,0.17957005,92.250534,55.247017
59,40,2023-01-28 13:40:00,0.30513337,0.16629238,89.22723,48.62729
59,50,2023-01-28 13:50:00,0.31233037,0.18006171,86.19716,49.69356
59,60,2023-01-28 14:00:00,0.29561967,0.18776733,76.38998,48.520256
60,10,2023-01-28 13:20:00,0.28409386,0.18477008,91.37979,59.43195
60,20,2023-01-28 13:30:00,0.29984304,0.17896646,92.250534,55.061314
60,30,2023-01-28 13:40:00,0.30513337,0.18309273,89.22723,53.54005
60,40,2023-01-28 13:50:00,0.31233037,0.1737514,86.19716,47.952034
60,50,2023-01-28 14:00:00,0.29561967,0.1851518,76.38998,47.844387
60,60,2023-01-28 14:10:00,0.28580594,0.1921139,68.52773,46.06318
61,10,2023-01-28 13:30:00,0.29984304,0.19055893,92.250534,58.627884
61,20,2023-01-28 13:40:00,0.30513337,0.18427198,89.22723,53.884888
61,30,2023-01-28 13:50:00,0.31233037,0.18620193,86.19716,51.38814
61,40,2023-01-28 14:00:00,0.29561967,0.17974849,76.38998,46.44814
61,50,2023-01-28 14:10:00,0.28580594,0.18940626,68.52773,45.413967
61,60,2023-01-28 14:20:00,0.28872252,0.19656132,63.564583,43.274555
62,10,2023-01-28 13:40:00,0.30513337,0.19420089,89.22723,56.788303
62,20,2023-01-28 13:50:00,0.31233037,0.18542816,86.19716,51.174595
62,30,2023-01-28 14:00:00,0.29561967,0.18764687,76.38998,48.48913
62,40,2023-01-28 14:10:00,0.28580594,0.18271185,68.52773,43.808846
62,50,2023-01-28 14:20:00,0.28872252,0.1939743,63.564583,42.705
62,60,2023-01-28 14:30:00,0.3079101,0.20259455,61.481026,40.452457
63,10,2023-01-28 13:50:00,0.31233037,0.19010894,86.19716,52.4664
63,20,2023-01-28 14:00:00,0.29561967,0.18276294,76.38998,47.22709
63,30,2023-01-28 14:10:00,0.28580594,0.187158,68.52773,44.8749
63,40,2023-01-28 14:20:00,0.28872252,0.18254021,63.564583,40.187695
63,50,2023-01-28 14:30:00,0.3079101,0.19522297,61.481026,38.98056
63,60,2023-01-28 14:40:00,0.30592752,0.205268,54.588326,36.627094
64,10,2023-01-28 14:00:00,0.29561967,0.18044959,76.38998,46.629307
64,20,2023-01-28 14:10:00,0.28580594,0.17674552,68.52773,42.3783
64,30,2023-01-28 14:20:00,0.28872252,0.18336557,63.564583,40.369404
64,40,2023-01-28 14:30:00,0.3079101,0.18120882,61.481026,36.182327
64,50,2023-01-28 14:40:00,0.30592752,0.19495986,54.588326,34.787758
64,60,2023-01-28 14:50:00,0.31071544,0.20684123,48.65831,32.391518
65,10,2023-01-28 14:10:00,0.28580594,0.18219633,68.52773,43.68524
65,20,2023-01-28 14:20:00,0.28872252,0.17750347,63.564583,39.078815
65,30,2023-01-28 14:30:00,0.3079101,0.18290645,61.481026,36.521297
65,40,2023-01-28 14:40:00,0.30592752,0.17982475,54.588326,32.087116
65,50,2023-01-28 14:50:00,0.31071544,0.19485399,48.65831,30.514305
65,60,2023-01-28 15:00:00,0.3109675,0.209142,41.781826,28.100475
66,10,2023-01-28 14:20:00,0.28872252,0.1892556,63.564583,41.66614
66,20,2023-01-28 14:30:00,0.3079101,0.18143272,61.481026,36.227036
66,30,2023-01-28 14:40:00,0.30592752,0.18420208,54.588326,32.868187
66,40,2023-01-28 14:50:00,0.31071544,0.17897947,48.65831,28.028341
66,50,2023-01-28 15:00:00,0.3109675,0.19500697,41.781826,26.201283
66,60,2023-01-28 15:10:00,0.31190014,0.21023262,34.92192,23.538708
67,10,2023-01-28 14:30:00,0.3079101,0.19690754,61.481026,39.31692
67,20,2023-01-28 14:40:00,0.30592752,0.18484676,54.588326,32.983223
67,30,2023-01-28 14:50:00,0.31071544,0.1839416,48.65831,28.805416
67,40,2023-01-28 15:00:00,0.3109675,0.17810693,41.781826,23.93058
67,50,2023-01-28 15:10:00,0.31190014,0.19483094,34.92192,21.814259
67,60,2023-01-28 15:20:00,0.36512414,0.21101376,32.768974,18.937956
68,10,2023-01-28 14:40:00,0.30592752,0.19635497,54.588326,35.036694
68,20,2023-01-28 14:50:00,0.31071544,0.18289511,48.65831,28.641535
68,30,2023-01-28 15:00:00,0.3109675,0.1820405,41.781826,24.459097
68,40,2023-01-28 15:10:00,0.31190014,0.17451778,34.92192,19.539894
68,50,2023-01-28 15:20:00,0.36512414,0.19118623,32.768974,17.158485
68,60,2023-01-28 15:30:00,0.47540256,0.20581546,32.40626,14.029605
69,10,2023-01-28 14:50:00,0.31071544,0.18433104,48.65831,28.866404
69,20,2023-01-28 15:00:00,0.3109675,0.17557622,41.781826,23.590553
69,30,2023-01-28 15:10:00,0.31190014,0.17792931,34.92192,19.921867
69,40,2023-01-28 15:20:00,0.36512414,0.17195784,32.768974,15.432784
69,50,2023-01-28 15:30:00,0.47540256,0.18829335,32.40626,12.835194
69,60,2023-01-28 15:40:00,0.6091123,0.20179302,29.15391,9.658408
70,10,2023-01-28 15:00:00,0.3109675,0.18763638,41.781826,25.210964
70,20,2023-01-28 15:10:00,0.31190014,0.17797902,34.92192,19.927433
70,30,2023-01-28 15:20:00,0.36512414,0.17462605,32.768974,15.67225
70,40,2023-01-28 15:30:00,0.47540256,0.17614363,32.40626,12.006996
70,50,2023-01-28 15:40:00,0.6091123,0.19412501,29.15391,9.291395
70,60,2023-01-28 15:50:00,0.80656254,0.21362911,23.991554,6.354491
71,10,2023-01-29 10:40:00,0.30266565,0.42427254,107.91515,151.27399
71,20,2023-01-29 10:50:00,0.2467937,0.47216138,90.21944,172.60623
71,30,2023-01-29 11:00:00,0.24429879,0.5273569,91.16245,196.78833
71,40,2023-01-29 11:10:00,0.2583202,0.6061613,97.982925,229.92184
71,50,2023-01-29 11:20:00,0.3035184,0.6862169,116.549286,263.50323
71,60,2023-01-29 11:30:00,0.37671533,0.7284637,145.86612,282.06488
72,10,2023-01-29 10:50:00,0.2467937,0.29143828,90.21944,106.539986
72,20,2023-01-29 11:00:00,0.24429879,0.31633115,91.16245,118.04202
72,30,2023-01-29 11:10:00,0.2583202,0.3557185,97.982925,134.92688
72,40,2023-01-29 11:20:00,0.3035184,0.38914376,116.549286,149.42891
72,50,2023-01-29 11:30:00,0.37671533,0.45220995,145.86612,175.09802
72,60,2023-01-29 11:40:00,0.41763732,0.48731884,162.43266,189.53406
73,10,2023-01-29 11:00:00,0.24429879,0.19490416,91.16245,72.73037
73,20,2023-01-29 11:10:00,0.2583202,0.19852169,97.982925,75.300865
73,30,2023-01-29 11:20:00,0.3035184,0.19978592,116.549286,76.71661
73,40,2023-01-29 11:30:00,0.37671533,0.21573511,145.86612,83.533745
73,50,2023-01-29 11:40:00,0.41763732,0.24872024,162.43266,96.735344
73,60,2023-01-29 11:50:00,0.4046109,0.29684347,157.46286,115.522896
74,10,2023-01-29 11:10:00,0.2583202,0.17431161,97.982925,66.11779
74,20,2023-01-29 11:20:00,0.3035184,0.16638876,116.549286,63.892307
74,30,2023-01-29 11:30:00,0.37671533,0.16661525,145.86612,64.51428
74,40,2023-01-29 11:40:00,0.41763732,0.17605048,162.43266,68.471725
74,50,2023-01-29 11:50:00,0.4046109,0.19591753,157.46286,76.24544
74,60,2023-01-29 12:00:00,0.3956252,0.22815897,153.4712,88.50759
75,10,2023-01-29 11:20:00,0.3035184,0.14098084,116.549286,54.13581
75,20,2023-01-29 11:30:00,0.37671533,0.13865429,145.86612,53.687653
75,30,2023-01-29 11:40:00,0.41763732,0.1552273,162.43266,60.372917
75,40,2023-01-29 11:50:00,0.4046109,0.1559721,157.46286,60.69983
75,50,2023-01-29 12:00:00,0.3956252,0.17553006,153.4712,68.09174
75,60,2023-01-29 12:10:00,0.35509726,0.18841867,136.77803,72.57599
76,10,2023-01-29 11:30:00,0.37671533,0.14112778,145.86612,54.6454
76,20,2023-01-29 11:40:00,0.41763732,0.14065944,162.43266,54.707005
76,30,2023-01-29 11:50:00,0.4046109,0.15717712,157.46286,61.16879
76,40,2023-01-29 12:00:00,0.3956252,0.15778776,153.4712,61.209137
76,50,2023-01-29 12:10:00,0.35509726,0.17727318,136.77803,68.28291
76,60,2023-01-29 12:20:00,0.3767551,0.18748417,143.53253,71.42592
77,10,2023-01-29 11:40:00,0.41763732,0.13852048,162.43266,53.875095
77,20,2023-01-29 11:50:00,0.4046109,0.14200868,157.46286,55.26567
77,30,2023-01-29 12:00:00,0.3956252,0.15795848,153.4712,61.275364
77,40,2023-01-29 12:10:00,0.35509726,0.16195811,136.77803,62.383785
77,50,2023-01-29 12:20:00,0.3767551,0.17971614,143.53253,68.46653
77,60,2023-01-29 12:30:00,0.41861844,0.18951632,157.10307,71.123474
78,10,2023-01-29 11:50:00,0.4046109,0.14085385,157.46286,54.816246
78,20,2023-01-29 12:00:00,0.3956252,0.14480138,153.4712,56.171455
78,30,2023-01-29 12:10:00,0.35509726,0.15961662,136.77803,61.48188
78,40,2023-01-29 12:20:00,0.3767551,0.16416278,143.53253,62.54116
78,50,2023-01-29 12:30:00,0.41861844,0.1808225,157.10307,67.86078
78,60,2023-01-29 12:40:00,0.45557237,0.18959056,167.7224,69.799194
79,10,2023-01-29 12:00:00,0.3956252,0.14659972,153.4712,56.869072
79,20,2023-01-29 12:10:00,0.35509726,0.15071,136.77803,58.051186
79,30,2023-01-29 12:20:00,0.3767551,0.1621027,143.53253,61.75633
79,40,2023-01-29 12:30:00,0.41861844,0.16944592,157.10307,63.591263
79,50,2023-01-29 12:40:00,0.45557237,0.18351871,167.7224,67.5638
79,60,2023-01-29 12:50:00,0.39291218,0.19188006,141.28918,68.99908
80,10,2023-01-29 12:10:00,0.35509726,0.15800802,136.77803,60.86227
80,20,2023-01-29 12:20:00,0.3767551,0.16181916,143.53253,61.64831
80,30,2023-01-29 12:30:00,0.41861844,0.16674075,157.10307,62.57604
80,40,2023-01-29 12:40:00,0.45557237,0.18050735,167.7224,66.45514
80,50,2023-01-29 12:50:00,0.39291218,0.18870682,141.28918,67.857994
80,60,2023-01-29 13:00:00,0.3982189,0.20028542,139.22766,70.02498
81,10,2023-01-29 12:20:00,0.3767551,0.17386153,143.53253,66.2361
81,20,2023-01-29 12:30:00,0.41861844,0.17377935,157.10307,65.21755
81,30,2023-01-29 12:40:00,0.45557237,0.1719965,167.7224,63.321808
81,40,2023-01-29 12:50:00,0.39291218,0.19115081,141.28918,68.73684
81,50,2023-01-29 13:00:00,0.3982189,0.19498187,139.22766,68.17072
81,60,2023-01-29 13:10:00,0.39970654,0.210937,135.21284,71.35583
82,10,2023-01-29 12:30:00,0.41861844,0.190453,157.10307,71.475
82,20,2023-01-29 12:40:00,0.45557237,0.18234654,167.7224,67.13225
82,30,2023-01-29 12:50:00,0.39291218,0.17518017,141.28918,62.99388
82,40,2023-01-29 13:00:00,0.3982189,0.19588315,139.22766,68.48583
82,50,2023-01-29 13:10:00,0.39970654,0.19781955,135.21284,66.91845
82,60,2023-01-29 13:20:00,0.42084345,0.216193,137.02345,70.39081
83,10,2023-01-29 12:40:00,0.45557237,0.20170471,167.7224,74.25911
83,20,2023-01-29 12:50:00,0.39291218,0.18908031,141.28918,67.9923
83,30,2023-01-29 13:00:00,0.3982189,0.17802246,139.22766,62.241272
83,40,2023-01-29 13:10:00,0.39970654,0.19969498,135.21284,67.55287
83,50,2023-01-29 13:20:00,0.42084345,0.19907671,137.02345,64.81787
83,60,2023-01-29 13:30:00,0.42367956,0.21969697,132.01964,68.45814
84,10,2023-01-29 12:50:00,0.39291218,0.21643846,141.28918,77.83015
84,20,2023-01-29 13:00:00,0.3982189,0.19900136,139.22766,69.576035
84,30,2023-01-29 13:10:00,0.39970654,0.18302548,135.21284,61.91391
84,40,2023-01-29 13:20:00,0.42084345,0.20690748,137.02345,67.36751
84,50,2023-01-29 13:30:00,0.42367956,0.20867929,132.01964,65.025
84,60,2023-01-29 13:40:00,0.3860395,0.23131005,114.40559,68.5504
85,10,2023-01-29 13:00:00,0.3982189,0.27120602,139.22766,94.82066
85,20,2023-01-29 13:10:00,0.39970654,0.23761491,135.21284,80.38044
85,30,2023-01-29 13:20:00,0.42084345,0.20628312,137.02345,67.16422
85,40,2023-01-29 13:30:00,0.42367956,0.22520758,132.01964,70.17526
85,50,2023-01-29 13:40:00,0.3860395,0.24306938,114.40559,72.03536
85,60,2023-01-29 13:50:00,0.40815404,0.2705636,114.246376,75.733444
86,10,2023-01-29 13:10:00,0.39970654,0.29590124,135.21284,100.09755
86,20,2023-01-29 13:20:00,0.42084345,0.25884625,137.02345,84.27838
86,30,2023-01-29 13:30:00,0.42367956,0.21497053,132.01964,66.98537
86,40,2023-01-29 13:40:00,0.3860395,0.23778646,114.40559,70.469734
86,50,2023-01-29 13:50:00,0.40815404,0.26233953,114.246376,73.43144
86,60,2023-01-29 14:00:00,0.4421961,0.29550585,115.99812,77.51793
87,10,2023-01-29 13:20:00,0.42084345,0.31035602,137.02345,101.049576
87,20,2023-01-29 13:30:00,0.42367956,0.27204558,132.01964,84.7701
87,30,2023-01-29 13:40:00,0.3860395,0.222675,114.40559,65.99134
87,40,2023-01-29 13:50:00,0.40815404,0.24652784,114.246376,69.00559
87,50,2023-01-29 14:00:00,0.4421961,0.2774369,115.99812,72.77803
87,60,2023-01-29 14:10:00,0.4712176,0.31294832,114.820564,76.25543
88,10,2023-01-29 13:30:00,0.42367956,0.3185588,132.01964,99.26375
88,20,2023-01-29 13:40:00,0.3860395,0.28035465,114.40559,83.08512
88,30,2023-01-29 13:50:00,0.40815404,0.22933897,114.246376,64.19426
88,40,2023-01-29 14:00:00,0.4421961,0.25064775,115.99812,65.750626
88,50,2023-01-29 14:10:00,0.4712176,0.28432202,114.820564,69.28013
88,60,2023-01-29 14:20:00,0.40828264,0.32147357,91.46735,72.019554
89,10,2023-01-29 13:40:00,0.3860395,0.32829714,114.40559,97.29322
89,20,2023-01-29 13:50:00,0.40815404,0.28963715,114.246376,81.07232
89,30,2023-01-29 14:00:00,0.4421961,0.23786998,115.99812,62.398724
89,40,2023-01-29 14:10:00,0.4712176,0.2557095,114.820564,62.308174
89,50,2023-01-29 14:20:00,0.40828264,0.29038683,91.46735,65.05521
89,60,2023-01-29 14:30:00,0.37752926,0.32844242,76.83024,66.840675
90,10,2023-01-29 13:50:00,0.40815404,0.35307992,114.246376,98.83058
90,20,2023-01-29 14:00:00,0.4421961,0.3124214,115.99812,81.95526
90,30,2023-01-29 14:10:00,0.4712176,0.2566993,114.820564,62.549355
90,40,2023-01-29 14:20:00,0.40828264,0.2703031,91.46735,60.555862
90,50,2023-01-29 14:30:00,0.37752926,0.30755466,76.83024,62.589848
90,60,2023-01-29 14:40:00,0.42034355,0.34644976,76.59687,63.131615
91,10,2023-01-29 14:00:00,0.4421961,0.36856788,115.99812,96.68376
91,20,2023-01-29 14:10:00,0.4712176,0.32925448,114.820564,80.22872
91,30,2023-01-29 14:20:00,0.40828264,0.27585027,91.46735,61.79859
91,40,2023-01-29 14:30:00,0.37752926,0.28594667,76.83024,58.192448
91,50,2023-01-29 14:40:00,0.42034355,0.32729945,76.59687,59.64196
91,60,2023-01-29 14:50:00,0.4997785,0.367569,80.12818,58.931377
92,10,2023-01-29 14:10:00,0.4712176,0.3783639,114.820564,92.19511
92,20,2023-01-29 14:20:00,0.40828264,0.3409913,91.46735,76.3921
92,30,2023-01-29 14:30:00,0.37752926,0.29304796,76.83024,59.63762
92,40,2023-01-29 14:40:00,0.42034355,0.30176708,76.59687,54.989338
92,50,2023-01-29 14:50:00,0.4997785,0.34938002,80.12818,56.015186
92,60,2023-01-29 15:00:00,0.50913125,0.39311242,70.2622,54.25113
93,10,2023-01-29 14:20:00,0.40828264,0.4030909,91.46735,90.304245
93,20,2023-01-29 14:30:00,0.37752926,0.36659455,76.83024,74.60494
93,30,2023-01-29 14:40:00,0.42034355,0.32290688,76.59687,58.841526
93,40,2023-01-29 14:50:00,0.4997785,0.32643232,80.12818,52.33604
93,50,2023-01-29 15:00:00,0.50913125,0.3760033,70.2622,51.89
93,60,2023-01-29 15:10:00,0.5720561,0.41980088,66.07046,48.485516
94,10,2023-01-29 14:30:00,0.37752926,0.39967525,76.83024,81.33713
94,20,2023-01-29 14:40:00,0.42034355,0.36852092,76.59687,67.15352
94,30,2023-01-29 14:50:00,0.4997785,0.33455807,80.12818,53.638824
94,40,2023-01-29 15:00:00,0.50913125,0.33101127,70.2622,45.680912
94,50,2023-01-29 15:10:00,0.5720561,0.3767907,66.07046,43.517994
94,60,2023-01-29 15:20:00,0.61342585,0.41633353,57.125805,38.771416
95,10,2023-01-29 14:40:00,0.42034355,0.3751139,76.59687,68.35492
95,20,2023-01-29 14:50:00,0.4997785,0.34648278,80.12818,55.550682
95,30,2023-01-29 15:00:00,0.50913125,0.31509548,70.2622,43.48447
95,40,2023-01-29 15:10:00,0.5720561,0.3133169,66.07046,36.186993
95,50,2023-01-29 15:20:00,0.61342585,0.35404554,57.125805,32.970795
95,60,2023-01-29 15:30:00,0.6624002,0.39368835,47.249935,28.082344
96,10,2023-01-29 14:50:00,0.4997785,0.38272953,80.12818,61.362026
96,20,2023-01-29 15:00:00,0.50913125,0.3534117,70.2622,48.772266
96,30,2023-01-29 15:10:00,0.5720561,0.32250074,66.07046,37.247692
96,40,2023-01-29 15:20:00,0.61342585,0.3216443,57.125805,29.953402
96,50,2023-01-29 15:30:00,0.6624002,0.3589009,47.249935,25.600906
96,60,2023-01-29 15:40:00,0.8991652,0.40043175,45.61215,20.312788
97,10,2023-01-30 10:40:00,1.0971653,0.8996561,395.2014,324.05814
97,20,2023-01-30 10:50:00,0.91586393,0.94791013,338.18945,350.02277
97,30,2023-01-30 11:00:00,1.0763549,1.0007014,405.664,377.15125
97,40,2023-01-30 11:10:00,1.1582654,1.0418886,443.69598,399.1156
97,50,2023-01-30 11:20:00,1.1638842,1.0962193,451.33994,425.10034
97,60,2023-01-30 11:30:00,1.2238021,1.1141397,478.54202,435.66086
98,10,2023-01-30 10:50:00,0.91586393,0.7923017,338.18945,292.5632
98,20,2023-01-30 11:00:00,1.0763549,0.80557495,405.664,303.61063
98,30,2023-01-30 11:10:00,1.1582654,0.8186561,443.69598,313.60208
98,40,2023-01-30 11:20:00,1.1638842,0.8165515,451.33994,316.64862
98,50,2023-01-30 11:30:00,1.2238021,0.84625983,478.54202,330.91208
98,60,2023-01-30 11:40:00,0.94632494,0.86454827,371.70157,339.581
99,10,2023-01-30 11:00:00,1.0763549,0.8227574,405.664,310.08646
99,20,2023-01-30 11:10:00,1.1582654,0.8165899,443.69598,312.81058
99,30,2023-01-30 11:20:00,1.1638842,0.80855954,451.33994,313.54944
99,40,2023-01-30 11:30:00,1.2238021,0.7787537,478.54202,304.51523
99,50,2023-01-30 11:40:00,0.94632494,0.78269815,371.70157,307.43155
99,60,2023-01-30 11:50:00,0.6094235,0.7997102,239.53337,314.32538
100,10,2023-01-30 11:10:00,1.1582654,0.9953857,443.69598,381.30176
100,20,2023-01-30 11:20:00,1.1638842,0.9960318,451.33994,386.24887
100,30,2023-01-30 11:30:00,1.2238021,0.99091697,478.54202,387.4772
100,40,2023-01-30 11:40:00,0.94632494,0.96060497,371.70157,377.31055
100,50,2023-01-30 11:50:00,0.6094235,0.9568551,239.53337,376.09103
100,60,2023-01-30 12:00:00,1.079879,0.96204567,423.1211,376.9513
101,10,2023-01-30 11:20:00,1.1638842,1.1239256,451.33994,435.8445
101,20,2023-01-30 11:30:00,1.2238021,1.124175,478.54202,439.58493
101,30,2023-01-30 11:40:00,0.94632494,1.1144416,371.70157,437.73517
101,40,2023-01-30 11:50:00,0.6094235,1.085281,239.53337,426.56873
101,50,2023-01-30 12:00:00,1.079879,1.0765132,423.1211,421.80225
101,60,2023-01-30 12:10:00,1.071758,1.0776774,417.0299,419.3332
102,10,2023-01-30 11:30:00,1.2238021,1.185324,478.54202,463.49597
102,20,2023-01-30 11:40:00,0.94632494,1.2034084,371.70157,472.6799
102,30,2023-01-30 11:50:00,0.6094235,1.2053422,239.53337,473.75867
102,40,2023-01-30 12:00:00,1.079879,1.1918259,423.1211,466.98438
102,50,2023-01-30 12:10:00,1.071758,1.1872154,417.0299,461.95535
102,60,2023-01-30 12:20:00,1.1284502,1.1881003,434.3555,457.31564
103,10,2023-01-30 11:40:00,0.94632494,1.2034684,371.70157,472.70352
103,20,2023-01-30 11:50:00,0.6094235,1.2255155,239.53337,481.68777
103,30,2023-01-30 12:00:00,1.079879,1.2299533,423.1211,481.92358
103,40,2023-01-30 12:10:00,1.071758,1.2186435,417.0299,474.1843
103,50,2023-01-30 12:20:00,1.1284502,1.2154132,434.3555,467.82874
103,60,2023-01-30 12:30:00,1.1548718,1.2158303,437.9843,461.10278
104,10,2023-01-30 11:50:00,0.6094235,1.2095557,239.53337,475.4148
104,20,2023-01-30 12:00:00,1.079879,1.2346877,423.1211,483.77863
104,30,2023-01-30 12:10:00,1.071758,1.242788,417.0299,483.57907
104,40,2023-01-30 12:20:00,1.1284502,1.235191,434.3555,475.44147
104,50,2023-01-30 12:30:00,1.1548718,1.2339213,437.9843,467.96378
104,60,2023-01-30 12:40:00,1.1185311,1.2347095,416.24097,459.47464
105,10,2023-01-30 12:00:00,1.079879,1.2010003,423.1211,470.57916
105,20,2023-01-30 12:10:00,1.071758,1.2233127,417.0299,476.0011
105,30,2023-01-30 12:20:00,1.1284502,1.228661,434.3555,472.92798
105,40,2023-01-30 12:30:00,1.1548718,1.2158167,437.9843,461.09766
105,50,2023-01-30 12:40:00,1.1185311,1.212704,416.24097,451.28568
105,60,2023-01-30 12:50:00,1.0555805,1.2145276,383.7888,441.5789
106,10,2023-01-30 12:10:00,1.071758,1.1924821,417.0299,464.00467
106,20,2023-01-30 12:20:00,1.1284502,1.2141963,434.3555,467.36035
106,30,2023-01-30 12:30:00,1.1548718,1.2190795,437.9843,462.33505
106,40,2023-01-30 12:40:00,1.1185311,1.2060176,416.24097,448.7975
106,50,2023-01-30 12:50:00,1.0555805,1.2038836,383.7888,437.70895
106,60,2023-01-30 13:00:00,1.1257212,1.2046942,398.07843,426.00488
107,10,2023-01-30 12:20:00,1.1284502,1.1691071,434.3555,450.0049
107,20,2023-01-30 12:30:00,1.1548718,1.1878415,437.9843,450.48807
107,30,2023-01-30 12:40:00,1.1185311,1.1902727,416.24097,442.9383
107,40,2023-01-30 12:50:00,1.0555805,1.1750058,383.7888,427.20953
107,50,2023-01-30 13:00:00,1.1257212,1.1732391,398.07843,414.88174
107,60,2023-01-30 13:10:00,1.1506202,1.1738101,393.83545,401.77292
108,10,2023-01-30 12:30:00,1.1548718,1.1448562,437.9843,434.1859
108,20,2023-01-30 12:40:00,1.1185311,1.161071,416.24097,432.07138
108,30,2023-01-30 12:50:00,1.0555805,1.1617404,383.7888,422.38647
108,40,2023-01-30 13:00:00,1.1257212,1.1451267,398.07843,404.9406
108,50,2023-01-30 13:10:00,1.1506202,1.1442786,393.83545,391.66486
108,60,2023-01-30 13:20:00,1.069937,1.1445658,352.64673,377.24408
109,10,2023-01-30 12:40:00,1.1185311,1.1310495,416.24097,420.89948
109,20,2023-01-30 12:50:00,1.0555805,1.1475722,383.7888,417.23517
109,30,2023-01-30 13:00:00,1.1257212,1.149644,398.07843,406.53802
109,40,2023-01-30 13:10:00,1.1506202,1.1362168,393.83545,388.90543
109,50,2023-01-30 13:20:00,1.069937,1.1363593,352.64673,374.53925
109,60,2023-01-30 13:30:00,1.1868657,1.1358393,374.58078,358.47662
110,10,2023-01-30 12:50:00,1.0555805,1.0964836,383.7888,398.66037
110,20,2023-01-30 13:00:00,1.1257212,1.111199,398.07843,392.94308
110,30,2023-01-30 13:10:00,1.1506202,1.1119,393.83545,380.58224
110,40,2023-01-30 13:20:00,1.069937,1.0982615,352.64673,361.98236
110,50,2023-01-30 13:30:00,1.1868657,1.0988588,374.58078,346.8054
110,60,2023-01-30 13:40:00,1.4359874,1.0991586,431.30573,330.1376
111,10,2023-01-30 13:00:00,1.1257212,1.0656576,398.07843,376.83868
111,20,2023-01-30 13:10:00,1.1506202,1.0765716,393.83545,368.49
111,30,2023-01-30 13:20:00,1.069937,1.0737073,352.64673,353.88943
111,40,2023-01-30 13:30:00,1.1868657,1.0582669,374.58078,333.99435
111,50,2023-01-30 13:40:00,1.4359874,1.056938,431.30573,317.45645
111,60,2023-01-30 13:50:00,0.981866,1.0584395,278.7501,300.4892
112,10,2023-01-30 13:10:00,1.1506202,1.0695544,393.83545,366.08817
112,20,2023-01-30 13:20:00,1.069937,1.0737597,352.64673,353.90668
112,30,2023-01-30 13:30:00,1.1868657,1.0644301,374.58078,335.9395
112,40,2023-01-30 13:40:00,1.4359874,1.0461764,431.30573,314.22415
112,50,2023-01-30 13:50:00,0.981866,1.0411054,278.7501,295.56805
112,60,2023-01-30 14:00:00,1.2592106,1.0436617,335.32376,277.9238
113,10,2023-01-30 13:20:00,1.069937,1.075034,352.64673,354.3267
113,20,2023-01-30 13:30:00,1.1868657,1.0738441,374.58078,338.9106
113,30,2023-01-30 13:40:00,1.4359874,1.058961,431.30573,318.06406
113,40,2023-01-30 13:50:00,0.981866,1.0374912,278.7501,294.542
113,50,2023-01-30 14:00:00,1.2592106,1.0277939,335.32376,273.69824
113,60,2023-01-30 14:10:00,1.324442,1.031282,327.9603,255.36755
114,10,2023-01-30 13:30:00,1.1868657,1.0818206,374.58078,341.42804
114,20,2023-01-30 13:40:00,1.4359874,1.0774304,431.30573,323.61142
114,30,2023-01-30 13:50:00,0.981866,1.0587715,278.7501,300.58344
114,40,2023-01-30 14:00:00,1.2592106,1.034995,335.32376,275.61588
114,50,2023-01-30 14:10:00,1.324442,1.0219599,327.9603,253.05922
114,60,2023-01-30 14:20:00,1.3723089,1.0264211,312.82547,233.97842
115,10,2023-01-30 13:40:00,1.4359874,1.0986894,431.30573,329.99667
115,20,2023-01-30 13:50:00,0.981866,1.0898222,278.7501,309.39868
115,30,2023-01-30 14:00:00,1.2592106,1.0651168,335.32376,283.6372
115,40,2023-01-30 14:10:00,1.324442,1.0382359,327.9603,257.0895
115,50,2023-01-30 14:20:00,1.3723089,1.0211577,312.82547,232.77863
115,60,2023-01-30 14:30:00,1.3332669,1.027316,276.51648,213.06296
116,10,2023-01-30 13:50:00,0.981866,1.1074774,278.7501,314.41098
116,20,2023-01-30 14:00:00,1.2592106,1.0925589,335.32376,290.94495
116,30,2023-01-30 14:10:00,1.324442,1.0599694,327.9603,262.4712
116,40,2023-01-30 14:20:00,1.3723089,1.0302263,312.82547,234.84586
116,50,2023-01-30 14:30:00,1.3332669,1.0103853,276.51648,209.55157
116,60,2023-01-30 14:40:00,1.6308497,1.0181619,303.4461,189.44557
117,10,2023-01-30 14:00:00,1.2592106,1.0396492,335.32376,276.8553
117,20,2023-01-30 14:10:00,1.324442,1.0216663,327.9603,252.98651
117,30,2023-01-30 14:20:00,1.3723089,0.9871434,312.82547,225.02486
117,40,2023-01-30 14:30:00,1.3332669,0.9542026,276.51648,197.89941
117,50,2023-01-30 14:40:00,1.6308497,0.9340521,303.4461,173.79558
117,60,2023-01-30 14:50:00,1.3425062,0.9431302,220.314,154.7738
118,10,2023-01-30 14:10:00,1.324442,1.0062062,327.9603,249.15825
118,20,2023-01-30 14:20:00,1.3723089,0.9873769,312.82547,225.0781
118,30,2023-01-30 14:30:00,1.3332669,0.9527862,276.51648,197.60565
118,40,2023-01-30 14:40:00,1.6308497,0.91924703,303.4461,171.04085
118,50,2023-01-30 14:50:00,1.3425062,0.9001136,220.314,147.7145
118,60,2023-01-30 15:00:00,1.1189082,0.90973026,158.54988,128.90926
119,10,2023-01-31 10:40:00,1.1554688,1.0812336,420.53104,393.51324
119,20,2023-01-31 10:50:00,1.1111139,1.1372962,414.48953,424.25656
119,30,2023-01-31 11:00:00,1.1063293,1.1925715,421.18332,454.01602
119,40,2023-01-31 11:10:00,1.1412613,1.246704,441.5747,482.37238
119,50,2023-01-31 11:20:00,1.1319519,1.305219,443.34787,511.21082
119,60,2023-01-31 11:30:00,1.1320014,1.3224558,447.06827,522.2856
120,10,2023-01-31 10:50:00,1.1111139,1.1491352,414.48953,428.673
120,20,2023-01-31 11:00:00,1.1063293,1.1971712,421.18332,455.76715
120,30,2023-01-31 11:10:00,1.1412613,1.239647,441.5747,479.6419
120,40,2023-01-31 11:20:00,1.1319519,1.2655917,443.34787,495.69012
120,50,2023-01-31 11:30:00,1.1320014,1.2924899,447.06827,510.451
120,60,2023-01-31 11:40:00,1.1214747,1.2989459,444.9089,515.3148
121,10,2023-01-31 11:00:00,1.1063293,1.179458,421.18332,449.02368
121,20,2023-01-31 11:10:00,1.1412613,1.2152904,441.5747,470.2179
121,30,2023-01-31 11:20:00,1.1319519,1.2378517,443.34787,484.8253
121,40,2023-01-31 11:30:00,1.1320014,1.2422253,447.06827,490.59967
121,50,2023-01-31 11:40:00,1.1214747,1.2477634,444.9089,495.00983
121,60,2023-01-31 11:50:00,1.122582,1.248443,445.67242,495.6401
122,10,2023-01-31 11:10:00,1.1412613,1.1473302,441.5747,443.92282
122,20,2023-01-31 11:20:00,1.1319519,1.1490151,443.34787,450.0309
122,30,2023-01-31 11:30:00,1.1320014,1.1410435,447.06827,450.63934
122,40,2023-01-31 11:40:00,1.1214747,1.1169041,444.9089,443.09564
122,50,2023-01-31 11:50:00,1.122582,1.0922997,445.67242,433.65018
122,60,2023-01-31 12:00:00,1.1254246,1.0894448,445.44534,431.20444
123,10,2023-01-31 11:20:00,1.1319519,1.169907,443.34787,458.2136
123,20,2023-01-31 11:30:00,1.1320014,1.1472869,447.06827,453.10507
123,30,2023-01-31 11:40:00,1.1214747,1.1067096,444.9089,439.0513
123,40,2023-01-31 11:50:00,1.122582,1.0668526,445.67242,423.54752
123,50,2023-01-31 12:00:00,1.1254246,1.0212698,445.44534,404.22067
123,60,2023-01-31 12:10:00,1.1350077,1.0175253,446.17978,399.9966
124,10,2023-01-31 11:30:00,1.1320014,1.1807126,447.06827,466.3061
124,20,2023-01-31 11:40:00,1.1214747,1.1554652,444.9089,458.39352
124,30,2023-01-31 11:50:00,1.122582,1.1091713,445.67242,440.3483
124,40,2023-01-31 12:00:00,1.1254246,1.0662502,445.44534,422.024
124,50,2023-01-31 12:10:00,1.1350077,1.0195111,446.17978,400.77722
124,60,2023-01-31 12:20:00,1.1264614,1.0174425,438.11423,395.71356
125,10,2023-01-31 11:40:00,1.1214747,1.166794,444.9089,462.88782
125,20,2023-01-31 11:50:00,1.122582,1.1507235,445.67242,456.8448
125,30,2023-01-31 12:00:00,1.1254246,1.1154675,445.44534,441.50433
125,40,2023-01-31 12:10:00,1.1350077,1.0766178,446.17978,423.2263
125,50,2023-01-31 12:20:00,1.1264614,1.0379366,438.11423,403.68433
125,60,2023-01-31 12:30:00,1.1270834,1.0371057,431.98907,397.50238
126,10,2023-01-31 11:50:00,1.122582,1.1618992,445.67242,461.28165
126,20,2023-01-31 12:00:00,1.1254246,1.1616712,445.44534,459.7918
126,30,2023-01-31 12:10:00,1.1350077,1.1457213,446.17978,450.3914
126,40,2023-01-31 12:20:00,1.1264614,1.1171466,438.11423,434.49146
126,50,2023-01-31 12:30:00,1.1270834,1.0895455,431.98907,417.60153
126,60,2023-01-31 12:40:00,1.1424127,1.0896003,429.7475,409.8808
127,10,2023-01-31 12:00:00,1.1254246,1.171851,445.44534,463.821
127,20,2023-01-31 12:10:00,1.1350077,1.1797014,446.17978,463.7492
127,30,2023-01-31 12:20:00,1.1264614,1.1723646,438.11423,455.96735
127,40,2023-01-31 12:30:00,1.1270834,1.1482496,431.98907,440.10168
127,50,2023-01-31 12:40:00,1.1424127,1.1256222,429.7475,423.4313
127,60,2023-01-31 12:50:00,1.1098212,1.1251636,408.00812,413.6485
128,10,2023-01-31 12:10:00,1.1350077,1.1879005,446.17978,466.97235
128,20,2023-01-31 12:20:00,1.1264614,1.2016497,438.11423,467.35718
128,30,2023-01-31 12:30:00,1.1270834,1.1990371,431.98907,459.5675
128,40,2023-01-31 12:40:00,1.1424127,1.1785578,429.7475,443.3444
128,50,2023-01-31 12:50:00,1.1098212,1.1574082,408.00812,425.50272
128,60,2023-01-31 13:00:00,1.0908207,1.156639,390.16586,413.70782
129,10,2023-01-31 12:20:00,1.1264614,1.1946957,438.11423,464.6526
129,20,2023-01-31 12:30:00,1.1270834,1.2105893,431.98907,463.99524
129,30,2023-01-31 12:40:00,1.1424127,1.2088147,429.7475,454.72632
129,40,2023-01-31 12:50:00,1.1098212,1.1902113,408.00812,437.56226
129,50,2023-01-31 13:00:00,1.0908207,1.1696045,390.16586,418.34537
129,60,2023-01-31 13:10:00,1.2349906,1.1696681,427.7331,405.10895
130,10,2023-01-31 12:30:00,1.1270834,1.2066045,431.98907,462.46796
130,20,2023-01-31 12:40:00,1.1424127,1.2254435,429.7475,460.98163
130,30,2023-01-31 12:50:00,1.1098212,1.2249725,408.00812,450.34164
130,40,2023-01-31 13:00:00,1.0908207,1.2090318,390.16586,432.44775
130,50,2023-01-31 13:10:00,1.2349906,1.1905407,427.7331,412.33807
130,60,2023-01-31 13:20:00,1.1671692,1.1908212,389.43857,397.3303
131,10,2023-01-31 12:40:00,1.1424127,1.2245911,429.7475,460.661
131,20,2023-01-31 12:50:00,1.1098212,1.245733,408.00812,457.97394
131,30,2023-01-31 13:00:00,1.0908207,1.2464687,390.16586,445.8382
131,40,2023-01-31 13:10:00,1.2349906,1.23209,427.7331,426.7285
131,50,2023-01-31 13:20:00,1.1671692,1.214755,389.43857,405.3161
131,60,2023-01-31 13:30:00,0.8406251,1.2147027,268.72034,388.3007
132,10,2023-01-31 12:50:00,1.1098212,1.2221652,408.00812,449.3096
132,20,2023-01-31 13:00:00,1.0908207,1.2422216,390.16586,444.3191
132,30,2023-01-31 13:10:00,1.2349906,1.2420732,427.7331,430.1861
132,40,2023-01-31 13:20:00,1.1671692,1.2267696,389.43857,409.32486
132,50,2023-01-31 13:30:00,0.8406251,1.2098298,268.72034,386.74298
132,60,2023-01-31 13:40:00,1.1999722,1.2097919,365.2841,368.27332
133,10,2023-01-31 13:00:00,1.0908207,1.1944139,390.16586,427.2192
133,20,2023-01-31 13:10:00,1.2349906,1.2087635,427.7331,418.64944
133,30,2023-01-31 13:20:00,1.1671692,1.2044542,389.43857,401.87912
133,40,2023-01-31 13:30:00,0.8406251,1.1867645,268.72034,379.36975
133,50,2023-01-31 13:40:00,1.1999722,1.1693662,365.2841,355.96732
133,60,2023-01-31 13:50:00,1.2366028,1.1694602,356.07114,336.73788
134,10,2023-01-31 13:10:00,1.2349906,1.1614863,427.7331,402.2752
134,20,2023-01-31 13:20:00,1.1671692,1.1676667,389.43857,389.60455
134,30,2023-01-31 13:30:00,0.8406251,1.1562862,268.72034,369.62686
134,40,2023-01-31 13:40:00,1.1999722,1.1350337,365.2841,345.51614
134,50,2023-01-31 13:50:00,1.2366028,1.1183853,356.07114,322.03125
134,60,2023-01-31 14:00:00,1.3437088,1.119697,363.23886,302.68274
135,10,2023-01-31 13:20:00,1.1671692,1.1503878,389.43857,383.83926
135,20,2023-01-31 13:30:00,0.8406251,1.1492604,268.72034,367.38092
135,30,2023-01-31 13:40:00,1.1999722,1.1317918,365.2841,344.52927
135,40,2023-01-31 13:50:00,1.2366028,1.1077591,356.07114,318.9715
135,50,2023-01-31 14:00:00,1.3437088,1.0920804,363.23886,295.21725
135,60,2023-01-31 14:10:00,1.5214137,1.0940561,382.83105,275.29572
136,10,2023-01-31 13:30:00,0.8406251,1.1294814,268.72034,361.05826
136,20,2023-01-31 13:40:00,1.1999722,1.1235336,365.2841,342.01538
136,30,2023-01-31 13:50:00,1.2366028,1.1029236,356.07114,317.57916
136,40,2023-01-31 14:00:00,1.3437088,1.0767106,363.23886,291.06244
136,50,2023-01-31 14:10:00,1.5214137,1.0618407,382.83105,267.1894
136,60,2023-01-31 14:20:00,1.140955,1.0646758,264.62604,246.93431
137,10,2023-01-31 13:40:00,1.1999722,1.0985824,365.2841,334.41998
137,20,2023-01-31 13:50:00,1.2366028,1.0898979,356.07114,313.8285
137,30,2023-01-31 14:00:00,1.3437088,1.0682031,363.23886,288.76263
137,40,2023-01-31 14:10:00,1.5214137,1.039952,382.83105,261.68158
137,50,2023-01-31 14:20:00,1.140955,1.0253409,264.62604,237.81122
137,60,2023-01-31 14:30:00,0.77667147,1.0289731,164.1405,217.46152
138,10,2023-01-31 13:50:00,1.2366028,1.0811335,356.07114,311.30484
138,20,2023-01-31 14:00:00,1.3437088,1.0670692,363.23886,288.45612
138,30,2023-01-31 14:10:00,1.5214137,1.0409193,382.83105,261.925
138,40,2023-01-31 14:20:00,1.140955,1.0088817,264.62604,233.99377
138,50,2023-01-31 14:30:00,0.77667147,0.99278146,164.1405,209.81284
138,60,2023-01-31 14:40:00,0.8010635,0.99656576,152.16878,189.30609
139,10,2023-01-31 14:00:00,1.3437088,1.0383044,363.23886,280.68027
139,20,2023-01-31 14:10:00,1.5214137,1.018735,382.83105,256.34277
139,30,2023-01-31 14:20:00,1.140955,0.98876786,264.62604,229.32869
139,40,2023-01-31 14:30:00,0.77667147,0.95249933,164.1405,201.29968
139,50,2023-01-31 14:40:00,0.8010635,0.9357679,152.16878,177.75702
139,60,2023-01-31 14:50:00,0.7836002,0.93990445,131.59454,157.84363
140,10,2023-01-31 14:10:00,1.5214137,0.9832718,382.83105,247.4192
140,20,2023-01-31 14:20:00,1.140955,0.9395868,264.62604,217.92195
140,30,2023-01-31 14:30:00,0.77667147,0.8848529,164.1405,187.00339
140,40,2023-01-31 14:40:00,0.8010635,0.8341986,152.16878,158.46307
140,50,2023-01-31 14:50:00,0.7836002,0.8029412,131.59454,134.84259
140,60,2023-01-31 15:00:00,0.81586057,0.81078047,118.665016,117.926125
141,10,2023-01-31 14:20:00,1.140955,0.976777,264.62604,226.5476
141,20,2023-01-31 14:30:00,0.77667147,0.9177958,164.1405,193.96548
141,30,2023-01-31 14:40:00,0.8010635,0.84722114,152.16878,160.93681
141,40,2023-01-31 14:50:00,0.7836002,0.7938345,131.59454,133.31325
141,50,2023-01-31 15:00:00,0.81586057,0.7485656,118.665016,108.87712
141,60,2023-01-31 15:10:00,1.1152995,0.76050115,136.87051,93.32936
142,10,2023-01-31 14:30:00,0.77667147,0.84064084,164.1405,177.65968
142,20,2023-01-31 14:40:00,0.8010635,0.7970496,152.16878,151.40631
142,30,2023-01-31 14:50:00,0.7836002,0.7467518,131.59454,125.40637
142,40,2023-01-31 15:00:00,0.81586057,0.6951305,118.665016,101.10511
142,50,2023-01-31 15:10:00,1.1152995,0.6617868,136.87051,81.21505
142,60,2023-01-31 15:20:00,1.011352,0.6696504,101.189926,67.001274
143,10,2023-01-31 14:40:00,0.8010635,0.7284188,152.16878,138.36931
143,20,2023-01-31 14:50:00,0.7836002,0.7050752,131.59454,118.40739
143,30,2023-01-31 15:00:00,0.81586057,0.6873125,118.665016,99.967995
143,40,2023-01-31 15:10:00,1.1152995,0.6458902,136.87051,79.2642
143,50,2023-01-31 15:20:00,1.011352,0.6336408,101.189926,63.398373
143,60,2023-01-31 15:30:00,0.9412421,0.64057726,73.277405,49.870102
144,10,2023-01-31 14:50:00,0.7836002,0.6732779,131.59454,113.06748
144,20,2023-01-31 15:00:00,0.81586057,0.66747785,118.665016,97.08309
144,30,2023-01-31 15:10:00,1.1152995,0.66879797,136.87051,82.07546
144,40,2023-01-31 15:20:00,1.011352,0.6445029,101.189926,64.48517
144,50,2023-01-31 15:30:00,0.9412421,0.64866096,73.277405,50.49943
144,60,2023-01-31 15:40:00,0.90354633,0.65744406,51.208786,37.260857
145,10,2023-01-31 15:00:00,0.81586057,0.65332234,118.665016,95.02421
145,20,2023-01-31 15:10:00,1.1152995,0.65949047,136.87051,80.93324
145,30,2023-01-31 15:20:00,1.011352,0.67280066,101.189926,67.316475
145,40,2023-01-31 15:30:00,0.9412421,0.661927,73.277405,51.532215
145,50,2023-01-31 15:40:00,0.90354633,0.6751836,51.208786,38.26625
145,60,2023-01-31 15:50:00,0.7676238,0.685488,28.644089,25.579168
